Year,IndicatorID,BreakOutCategoryId,BreakOutId,LocationID
2004,HC101,BOC01,OVR01,59
2004,HC101,BOC02,GEN01,59
2004,HC101,BOC03,AGE01,59
2004,HC101,BOC03,AGE04,59
2004,HC101,BOC03,AGE05,59
2004,HC101,BOC03,AGE06,59
2004,HC101,BOC03,AGE07,59
2004,HC101,BOC03,AGE08,59
2005,HC101,BOC01,OVR01,59
2005,HC101,BOC02,GEN01,59
2005,HC101,BOC02,GEN02,59
2005,HC101,BOC03,AGE01,59
2005,HC101,BOC03,AGE04,59
2005,HC101,BOC03,AGE05,59
2005,HC101,BOC03,AGE06,59
2005,HC101,BOC03,AGE07,59
2005,HC101,BOC03,AGE08,59
2006,HC101,BOC01,OVR01,59
2006,HC101,BOC02,GEN01,59
2006,HC101,BOC02,GEN02,59
2006,HC101,BOC03,AGE01,59
2006,HC101,BOC03,AGE04,59
2006,HC101,BOC03,AGE05,59
2006,HC101,BOC03,AGE06,59
2006,HC101,BOC03,AGE07,59
2006,HC101,BOC03,AGE08,59
2007,HC101,BOC01,OVR01,59
2007,HC101,BOC02,GEN01,59
2007,HC101,BOC02,GEN02,59
2007,HC101,BOC03,AGE01,59
2007,HC101,BOC03,AGE04,59
2007,HC101,BOC03,AGE05,59
2007,HC101,BOC03,AGE06,59
2007,HC101,BOC03,AGE07,59
2007,HC101,BOC03,AGE08,59
2008,HC101,BOC01,OVR01,59
2008,HC101,BOC02,GEN01,59
2008,HC101,BOC02,GEN02,59
2008,HC101,BOC03,AGE01,59
2008,HC101,BOC03,AGE04,59
2008,HC101,BOC03,AGE05,59
2008,HC101,BOC03,AGE06,59
2008,HC101,BOC03,AGE07,59
2008,HC101,BOC03,AGE08,59
2009,HC101,BOC01,OVR01,59
2009,HC101,BOC02,GEN01,59
2009,HC101,BOC02,GEN02,59
2009,HC101,BOC03,AGE01,59
2009,HC101,BOC03,AGE04,59
2009,HC101,BOC03,AGE05,59
2009,HC101,BOC03,AGE06,59
2009,HC101,BOC03,AGE07,59
2009,HC101,BOC03,AGE08,59
2010,HC101,BOC01,OVR01,59
2010,HC101,BOC02,GEN01,59
2010,HC101,BOC02,GEN02,59
2010,HC101,BOC03,AGE01,59
2010,HC101,BOC03,AGE04,59
2010,HC101,BOC03,AGE05,59
2010,HC101,BOC03,AGE06,59
2010,HC101,BOC03,AGE07,59
2010,HC101,BOC03,AGE08,59
2011,HC101,BOC01,OVR01,59
2011,HC101,BOC02,GEN01,59
2011,HC101,BOC02,GEN02,59
2011,HC101,BOC03,AGE01,59
2011,HC101,BOC03,AGE04,59
2011,HC101,BOC03,AGE05,59
2011,HC101,BOC03,AGE06,59
2011,HC101,BOC03,AGE07,59
2011,HC101,BOC03,AGE08,59
2012,HC101,BOC01,OVR01,59
2012,HC101,BOC02,GEN01,59
2012,HC101,BOC02,GEN02,59
2012,HC101,BOC03,AGE01,59
2012,HC101,BOC03,AGE04,59
2012,HC101,BOC03,AGE05,59
2012,HC101,BOC03,AGE06,59
2012,HC101,BOC03,AGE07,59
2012,HC101,BOC03,AGE08,59
2013,HC101,BOC01,OVR01,59
2013,HC101,BOC02,GEN01,59
2013,HC101,BOC02,GEN02,59
2013,HC101,BOC03,AGE01,59
2013,HC101,BOC03,AGE04,59
2013,HC101,BOC03,AGE05,59
2013,HC101,BOC03,AGE06,59
2013,HC101,BOC03,AGE07,59
2013,HC101,BOC03,AGE08,59
2004,HC103,BOC01,OVR01,59
2004,HC103,BOC02,GEN01,59
2004,HC103,BOC02,GEN02,59
2004,HC103,BOC03,AGE01,59
2004,HC103,BOC03,AGE04,59
2004,HC103,BOC03,AGE05,59
2004,HC103,BOC03,AGE06,59
2004,HC103,BOC03,AGE07,59
2004,HC103,BOC03,AGE08,59
2005,HC103,BOC01,OVR01,59
2005,HC103,BOC02,GEN01,59
2005,HC103,BOC02,GEN02,59
2005,HC103,BOC03,AGE01,59
2005,HC103,BOC03,AGE04,59
2005,HC103,BOC03,AGE05,59
2005,HC103,BOC03,AGE06,59
2005,HC103,BOC03,AGE07,59
2005,HC103,BOC03,AGE08,59
2006,HC103,BOC01,OVR01,59
2006,HC103,BOC02,GEN01,59
2006,HC103,BOC02,GEN02,59
2006,HC103,BOC03,AGE01,59
2006,HC103,BOC03,AGE04,59
2006,HC103,BOC03,AGE05,59
2006,HC103,BOC03,AGE06,59
2006,HC103,BOC03,AGE07,59
2006,HC103,BOC03,AGE08,59
2007,HC103,BOC01,OVR01,59
2007,HC103,BOC02,GEN01,59
2007,HC103,BOC02,GEN02,59
2007,HC103,BOC03,AGE01,59
2007,HC103,BOC03,AGE04,59
2007,HC103,BOC03,AGE05,59
2007,HC103,BOC03,AGE06,59
2007,HC103,BOC03,AGE07,59
2007,HC103,BOC03,AGE08,59
2008,HC103,BOC01,OVR01,59
2008,HC103,BOC02,GEN01,59
2008,HC103,BOC02,GEN02,59
2008,HC103,BOC03,AGE01,59
2008,HC103,BOC03,AGE04,59
2008,HC103,BOC03,AGE05,59
2008,HC103,BOC03,AGE06,59
2008,HC103,BOC03,AGE07,59
2008,HC103,BOC03,AGE08,59
2009,HC103,BOC01,OVR01,59
2009,HC103,BOC02,GEN01,59
2009,HC103,BOC02,GEN02,59
2009,HC103,BOC03,AGE01,59
2009,HC103,BOC03,AGE04,59
2009,HC103,BOC03,AGE05,59
2009,HC103,BOC03,AGE06,59
2009,HC103,BOC03,AGE07,59
2009,HC103,BOC03,AGE08,59
2010,HC103,BOC01,OVR01,59
2010,HC103,BOC02,GEN01,59
2010,HC103,BOC02,GEN02,59
2010,HC103,BOC03,AGE01,59
2010,HC103,BOC03,AGE04,59
2010,HC103,BOC03,AGE05,59
2010,HC103,BOC03,AGE06,59
2010,HC103,BOC03,AGE07,59
2010,HC103,BOC03,AGE08,59
2011,HC103,BOC01,OVR01,59
2011,HC103,BOC02,GEN01,59
2011,HC103,BOC02,GEN02,59
2011,HC103,BOC03,AGE01,59
2011,HC103,BOC03,AGE04,59
2011,HC103,BOC03,AGE05,59
2011,HC103,BOC03,AGE06,59
2011,HC103,BOC03,AGE07,59
2011,HC103,BOC03,AGE08,59
2012,HC103,BOC01,OVR01,59
2012,HC103,BOC02,GEN01,59
2012,HC103,BOC02,GEN02,59
2012,HC103,BOC03,AGE01,59
2012,HC103,BOC03,AGE04,59
2012,HC103,BOC03,AGE05,59
2012,HC103,BOC03,AGE06,59
2012,HC103,BOC03,AGE07,59
2012,HC103,BOC03,AGE08,59
2013,HC103,BOC01,OVR01,59
2013,HC103,BOC02,GEN01,59
2013,HC103,BOC02,GEN02,59
2013,HC103,BOC03,AGE01,59
2013,HC103,BOC03,AGE04,59
2013,HC103,BOC03,AGE05,59
2013,HC103,BOC03,AGE06,59
2013,HC103,BOC03,AGE07,59
2013,HC103,BOC03,AGE08,59
2004,HC201,BOC01,OVR01,59
2004,HC201,BOC02,GEN01,59
2004,HC201,BOC02,GEN02,59
2004,HC201,BOC03,AGE01,59
2004,HC201,BOC03,AGE04,59
2004,HC201,BOC03,AGE05,59
2004,HC201,BOC03,AGE06,59
2004,HC201,BOC03,AGE07,59
2004,HC201,BOC03,AGE08,59
2005,HC201,BOC01,OVR01,59
2005,HC201,BOC02,GEN01,59
2005,HC201,BOC02,GEN02,59
2005,HC201,BOC03,AGE01,59
2005,HC201,BOC03,AGE04,59
2005,HC201,BOC03,AGE05,59
2005,HC201,BOC03,AGE06,59
2005,HC201,BOC03,AGE07,59
2005,HC201,BOC03,AGE08,59
2006,HC201,BOC01,OVR01,59
2006,HC201,BOC02,GEN01,59
2006,HC201,BOC02,GEN02,59
2006,HC201,BOC03,AGE01,59
2006,HC201,BOC03,AGE04,59
2006,HC201,BOC03,AGE05,59
2006,HC201,BOC03,AGE06,59
2006,HC201,BOC03,AGE07,59
2006,HC201,BOC03,AGE08,59
2007,HC201,BOC01,OVR01,59
2007,HC201,BOC02,GEN01,59
2007,HC201,BOC02,GEN02,59
2007,HC201,BOC03,AGE01,59
2007,HC201,BOC03,AGE04,59
2007,HC201,BOC03,AGE05,59
2007,HC201,BOC03,AGE06,59
2007,HC201,BOC03,AGE07,59
2007,HC201,BOC03,AGE08,59
2008,HC201,BOC01,OVR01,59
2008,HC201,BOC02,GEN01,59
2008,HC201,BOC02,GEN02,59
2008,HC201,BOC03,AGE01,59
2008,HC201,BOC03,AGE04,59
2008,HC201,BOC03,AGE05,59
2008,HC201,BOC03,AGE06,59
2008,HC201,BOC03,AGE07,59
2008,HC201,BOC03,AGE08,59
2009,HC201,BOC01,OVR01,59
2009,HC201,BOC02,GEN01,59
2009,HC201,BOC02,GEN02,59
2009,HC201,BOC03,AGE01,59
2009,HC201,BOC03,AGE04,59
2009,HC201,BOC03,AGE05,59
2009,HC201,BOC03,AGE06,59
2009,HC201,BOC03,AGE07,59
2009,HC201,BOC03,AGE08,59
2010,HC201,BOC01,OVR01,59
2010,HC201,BOC02,GEN01,59
2010,HC201,BOC02,GEN02,59
2010,HC201,BOC03,AGE01,59
2010,HC201,BOC03,AGE04,59
2010,HC201,BOC03,AGE05,59
2010,HC201,BOC03,AGE06,59
2010,HC201,BOC03,AGE07,59
2010,HC201,BOC03,AGE08,59
2011,HC201,BOC01,OVR01,59
2011,HC201,BOC02,GEN01,59
2011,HC201,BOC02,GEN02,59
2011,HC201,BOC03,AGE01,59
2011,HC201,BOC03,AGE04,59
2011,HC201,BOC03,AGE05,59
2011,HC201,BOC03,AGE06,59
2011,HC201,BOC03,AGE07,59
2011,HC201,BOC03,AGE08,59
2012,HC201,BOC01,OVR01,59
2012,HC201,BOC02,GEN01,59
2012,HC201,BOC02,GEN02,59
2012,HC201,BOC03,AGE01,59
2012,HC201,BOC03,AGE04,59
2012,HC201,BOC03,AGE05,59
2012,HC201,BOC03,AGE06,59
2012,HC201,BOC03,AGE07,59
2012,HC201,BOC03,AGE08,59
2013,HC201,BOC01,OVR01,59
2013,HC201,BOC02,GEN01,59
2013,HC201,BOC02,GEN02,59
2013,HC201,BOC03,AGE01,59
2013,HC201,BOC03,AGE04,59
2013,HC201,BOC03,AGE05,59
2013,HC201,BOC03,AGE06,59
2013,HC201,BOC03,AGE07,59
2013,HC201,BOC03,AGE08,59
2004,HC203,BOC01,OVR01,59
2004,HC203,BOC02,GEN01,59
2004,HC203,BOC02,GEN02,59
2004,HC203,BOC03,AGE01,59
2004,HC203,BOC03,AGE04,59
2004,HC203,BOC03,AGE05,59
2004,HC203,BOC03,AGE06,59
2004,HC203,BOC03,AGE07,59
2004,HC203,BOC03,AGE08,59
2005,HC203,BOC01,OVR01,59
2005,HC203,BOC02,GEN01,59
2005,HC203,BOC02,GEN02,59
2005,HC203,BOC03,AGE01,59
2005,HC203,BOC03,AGE04,59
2005,HC203,BOC03,AGE05,59
2005,HC203,BOC03,AGE06,59
2005,HC203,BOC03,AGE07,59
2005,HC203,BOC03,AGE08,59
2006,HC203,BOC01,OVR01,59
2006,HC203,BOC02,GEN01,59
2006,HC203,BOC02,GEN02,59
2006,HC203,BOC03,AGE01,59
2006,HC203,BOC03,AGE04,59
2006,HC203,BOC03,AGE05,59
2006,HC203,BOC03,AGE06,59
2006,HC203,BOC03,AGE07,59
2006,HC203,BOC03,AGE08,59
2007,HC203,BOC01,OVR01,59
2007,HC203,BOC02,GEN01,59
2007,HC203,BOC02,GEN02,59
2007,HC203,BOC03,AGE01,59
2007,HC203,BOC03,AGE04,59
2007,HC203,BOC03,AGE05,59
2007,HC203,BOC03,AGE06,59
2007,HC203,BOC03,AGE07,59
2007,HC203,BOC03,AGE08,59
2008,HC203,BOC01,OVR01,59
2008,HC203,BOC02,GEN01,59
2008,HC203,BOC02,GEN02,59
2008,HC203,BOC03,AGE01,59
2008,HC203,BOC03,AGE04,59
2008,HC203,BOC03,AGE05,59
2008,HC203,BOC03,AGE06,59
2008,HC203,BOC03,AGE07,59
2008,HC203,BOC03,AGE08,59
2009,HC203,BOC01,OVR01,59
2009,HC203,BOC02,GEN01,59
2009,HC203,BOC02,GEN02,59
2009,HC203,BOC03,AGE01,59
2009,HC203,BOC03,AGE04,59
2009,HC203,BOC03,AGE05,59
2009,HC203,BOC03,AGE06,59
2009,HC203,BOC03,AGE07,59
2009,HC203,BOC03,AGE08,59
2010,HC203,BOC01,OVR01,59
2010,HC203,BOC02,GEN01,59
2010,HC203,BOC02,GEN02,59
2010,HC203,BOC03,AGE01,59
2010,HC203,BOC03,AGE04,59
2010,HC203,BOC03,AGE05,59
2010,HC203,BOC03,AGE06,59
2010,HC203,BOC03,AGE07,59
2010,HC203,BOC03,AGE08,59
2011,HC203,BOC01,OVR01,59
2011,HC203,BOC02,GEN01,59
2011,HC203,BOC02,GEN02,59
2011,HC203,BOC03,AGE01,59
2011,HC203,BOC03,AGE04,59
2011,HC203,BOC03,AGE05,59
2011,HC203,BOC03,AGE06,59
2011,HC203,BOC03,AGE07,59
2011,HC203,BOC03,AGE08,59
2012,HC203,BOC01,OVR01,59
2012,HC203,BOC02,GEN01,59
2012,HC203,BOC02,GEN02,59
2012,HC203,BOC03,AGE01,59
2012,HC203,BOC03,AGE04,59
2012,HC203,BOC03,AGE05,59
2012,HC203,BOC03,AGE06,59
2012,HC203,BOC03,AGE07,59
2012,HC203,BOC03,AGE08,59
2013,HC203,BOC01,OVR01,59
2013,HC203,BOC02,GEN01,59
2013,HC203,BOC02,GEN02,59
2013,HC203,BOC03,AGE01,59
2013,HC203,BOC03,AGE04,59
2013,HC203,BOC03,AGE05,59
2013,HC203,BOC03,AGE06,59
2013,HC203,BOC03,AGE07,59
2013,HC203,BOC03,AGE08,59
2004,HC401,BOC01,OVR01,59
2004,HC401,BOC02,GEN01,59
2004,HC401,BOC02,GEN02,59
2004,HC401,BOC03,AGE01,59
2004,HC401,BOC03,AGE04,59
2004,HC401,BOC03,AGE05,59
2004,HC401,BOC03,AGE06,59
2004,HC401,BOC03,AGE07,59
2004,HC401,BOC03,AGE08,59
2005,HC401,BOC01,OVR01,59
2005,HC401,BOC02,GEN01,59
2005,HC401,BOC02,GEN02,59
2005,HC401,BOC03,AGE01,59
2005,HC401,BOC03,AGE04,59
2005,HC401,BOC03,AGE05,59
2005,HC401,BOC03,AGE06,59
2005,HC401,BOC03,AGE07,59
2005,HC401,BOC03,AGE08,59
2006,HC401,BOC01,OVR01,59
2006,HC401,BOC02,GEN01,59
2006,HC401,BOC02,GEN02,59
2006,HC401,BOC03,AGE01,59
2006,HC401,BOC03,AGE04,59
2006,HC401,BOC03,AGE05,59
2006,HC401,BOC03,AGE06,59
2006,HC401,BOC03,AGE07,59
2006,HC401,BOC03,AGE08,59
2007,HC401,BOC01,OVR01,59
2007,HC401,BOC02,GEN01,59
2007,HC401,BOC02,GEN02,59
2007,HC401,BOC03,AGE01,59
2007,HC401,BOC03,AGE04,59
2007,HC401,BOC03,AGE05,59
2007,HC401,BOC03,AGE06,59
2007,HC401,BOC03,AGE07,59
2007,HC401,BOC03,AGE08,59
2008,HC401,BOC01,OVR01,59
2008,HC401,BOC02,GEN01,59
2008,HC401,BOC02,GEN02,59
2008,HC401,BOC03,AGE01,59
2008,HC401,BOC03,AGE04,59
2008,HC401,BOC03,AGE05,59
2008,HC401,BOC03,AGE06,59
2008,HC401,BOC03,AGE07,59
2008,HC401,BOC03,AGE08,59
2009,HC401,BOC01,OVR01,59
2009,HC401,BOC02,GEN01,59
2009,HC401,BOC02,GEN02,59
2009,HC401,BOC03,AGE01,59
2009,HC401,BOC03,AGE04,59
2009,HC401,BOC03,AGE05,59
2009,HC401,BOC03,AGE06,59
2009,HC401,BOC03,AGE07,59
2009,HC401,BOC03,AGE08,59
2010,HC401,BOC01,OVR01,59
2010,HC401,BOC02,GEN01,59
2010,HC401,BOC02,GEN02,59
2010,HC401,BOC03,AGE01,59
2010,HC401,BOC03,AGE04,59
2010,HC401,BOC03,AGE05,59
2010,HC401,BOC03,AGE06,59
2010,HC401,BOC03,AGE07,59
2010,HC401,BOC03,AGE08,59
2011,HC401,BOC01,OVR01,59
2011,HC401,BOC02,GEN01,59
2011,HC401,BOC02,GEN02,59
2011,HC401,BOC03,AGE01,59
2011,HC401,BOC03,AGE04,59
2011,HC401,BOC03,AGE05,59
2011,HC401,BOC03,AGE06,59
2011,HC401,BOC03,AGE07,59
2011,HC401,BOC03,AGE08,59
2012,HC401,BOC01,OVR01,59
2012,HC401,BOC02,GEN01,59
2012,HC401,BOC02,GEN02,59
2012,HC401,BOC03,AGE01,59
2012,HC401,BOC03,AGE04,59
2012,HC401,BOC03,AGE05,59
2012,HC401,BOC03,AGE06,59
2012,HC401,BOC03,AGE07,59
2012,HC401,BOC03,AGE08,59
2013,HC401,BOC01,OVR01,59
2013,HC401,BOC02,GEN01,59
2013,HC401,BOC02,GEN02,59
2013,HC401,BOC03,AGE01,59
2013,HC401,BOC03,AGE04,59
2013,HC401,BOC03,AGE05,59
2013,HC401,BOC03,AGE06,59
2013,HC401,BOC03,AGE07,59
2013,HC401,BOC03,AGE08,59
2004,HC403,BOC01,OVR01,59
2004,HC403,BOC02,GEN01,59
2004,HC403,BOC02,GEN02,59
2004,HC403,BOC03,AGE01,59
2004,HC403,BOC03,AGE04,59
2009,HC503,BOC03,AGE06,59
2004,HC403,BOC03,AGE05,59
2004,HC403,BOC03,AGE06,59
2004,HC403,BOC03,AGE07,59
2004,HC403,BOC03,AGE08,59
2005,HC403,BOC01,OVR01,59
2005,HC403,BOC02,GEN01,59
2005,HC403,BOC02,GEN02,59
2005,HC403,BOC03,AGE01,59
2005,HC403,BOC03,AGE04,59
2005,HC403,BOC03,AGE05,59
2005,HC403,BOC03,AGE06,59
2005,HC403,BOC03,AGE07,59
2005,HC403,BOC03,AGE08,59
2006,HC403,BOC01,OVR01,59
2006,HC403,BOC02,GEN01,59
2006,HC403,BOC02,GEN02,59
2006,HC403,BOC03,AGE01,59
2006,HC403,BOC03,AGE04,59
2009,HC503,BOC03,AGE07,59
2006,HC403,BOC03,AGE05,59
2006,HC403,BOC03,AGE06,59
2006,HC403,BOC03,AGE07,59
2006,HC403,BOC03,AGE08,59
2007,HC403,BOC01,OVR01,59
2007,HC403,BOC02,GEN01,59
2007,HC403,BOC02,GEN02,59
2007,HC403,BOC03,AGE01,59
2007,HC403,BOC03,AGE04,59
2007,HC403,BOC03,AGE05,59
2007,HC403,BOC03,AGE06,59
2007,HC403,BOC03,AGE07,59
2007,HC403,BOC03,AGE08,59
2008,HC403,BOC01,OVR01,59
2008,HC403,BOC02,GEN01,59
2008,HC403,BOC02,GEN02,59
2008,HC403,BOC03,AGE01,59
2008,HC403,BOC03,AGE04,59
2009,HC503,BOC03,AGE08,59
2008,HC403,BOC03,AGE05,59
2008,HC403,BOC03,AGE06,59
2008,HC403,BOC03,AGE07,59
2008,HC403,BOC03,AGE08,59
2009,HC403,BOC01,OVR01,59
2009,HC403,BOC02,GEN01,59
2009,HC403,BOC02,GEN02,59
2009,HC403,BOC03,AGE01,59
2009,HC403,BOC03,AGE04,59
2009,HC403,BOC03,AGE05,59
2009,HC403,BOC03,AGE06,59
2009,HC403,BOC03,AGE07,59
2009,HC403,BOC03,AGE08,59
2010,HC403,BOC01,OVR01,59
2010,HC403,BOC02,GEN01,59
2010,HC403,BOC02,GEN02,59
2010,HC403,BOC03,AGE01,59
2010,HC403,BOC03,AGE04,59
2010,HC403,BOC03,AGE05,59
2010,HC403,BOC03,AGE06,59
2010,HC403,BOC03,AGE07,59
2010,HC403,BOC03,AGE08,59
2011,HC403,BOC01,OVR01,59
2011,HC403,BOC02,GEN01,59
2011,HC403,BOC02,GEN02,59
2011,HC403,BOC03,AGE01,59
2011,HC403,BOC03,AGE04,59
2011,HC403,BOC03,AGE05,59
2011,HC403,BOC03,AGE06,59
2011,HC403,BOC03,AGE07,59
2011,HC403,BOC03,AGE08,59
2012,HC403,BOC01,OVR01,59
2012,HC403,BOC02,GEN01,59
2012,HC403,BOC02,GEN02,59
2012,HC403,BOC03,AGE01,59
2012,HC403,BOC03,AGE04,59
2012,HC403,BOC03,AGE05,59
2012,HC403,BOC03,AGE06,59
2012,HC403,BOC03,AGE07,59
2012,HC403,BOC03,AGE08,59
2013,HC403,BOC01,OVR01,59
2013,HC403,BOC02,GEN01,59
2013,HC403,BOC02,GEN02,59
2013,HC403,BOC03,AGE01,59
2013,HC403,BOC03,AGE04,59
2013,HC403,BOC03,AGE05,59
2013,HC403,BOC03,AGE06,59
2013,HC403,BOC03,AGE07,59
2013,HC403,BOC03,AGE08,59
2004,HC301,BOC01,OVR01,59
2004,HC301,BOC02,GEN01,59
2004,HC301,BOC02,GEN02,59
2004,HC301,BOC03,AGE01,59
2004,HC301,BOC03,AGE04,59
2004,HC301,BOC03,AGE05,59
2004,HC301,BOC03,AGE06,59
2004,HC301,BOC03,AGE07,59
2004,HC301,BOC03,AGE08,59
2005,HC301,BOC01,OVR01,59
2005,HC301,BOC02,GEN01,59
2005,HC301,BOC02,GEN02,59
2005,HC301,BOC03,AGE01,59
2005,HC301,BOC03,AGE04,59
2005,HC301,BOC03,AGE05,59
2005,HC301,BOC03,AGE06,59
2005,HC301,BOC03,AGE07,59
2005,HC301,BOC03,AGE08,59
2006,HC301,BOC01,OVR01,59
2006,HC301,BOC02,GEN01,59
2006,HC301,BOC02,GEN02,59
2006,HC301,BOC03,AGE01,59
2006,HC301,BOC03,AGE04,59
2006,HC301,BOC03,AGE05,59
2006,HC301,BOC03,AGE06,59
2006,HC301,BOC03,AGE07,59
2006,HC301,BOC03,AGE08,59
2007,HC301,BOC01,OVR01,59
2007,HC301,BOC02,GEN01,59
2007,HC301,BOC02,GEN02,59
2007,HC301,BOC03,AGE01,59
2007,HC301,BOC03,AGE04,59
2007,HC301,BOC03,AGE05,59
2007,HC301,BOC03,AGE06,59
2007,HC301,BOC03,AGE07,59
2007,HC301,BOC03,AGE08,59
2008,HC301,BOC01,OVR01,59
2008,HC301,BOC02,GEN01,59
2008,HC301,BOC02,GEN02,59
2008,HC301,BOC03,AGE01,59
2008,HC301,BOC03,AGE04,59
2008,HC301,BOC03,AGE05,59
2008,HC301,BOC03,AGE06,59
2008,HC301,BOC03,AGE07,59
2008,HC301,BOC03,AGE08,59
2009,HC301,BOC01,OVR01,59
2009,HC301,BOC02,GEN01,59
2009,HC301,BOC02,GEN02,59
2009,HC301,BOC03,AGE01,59
2009,HC301,BOC03,AGE04,59
2009,HC301,BOC03,AGE05,59
2009,HC301,BOC03,AGE06,59
2009,HC301,BOC03,AGE07,59
2009,HC301,BOC03,AGE08,59
2010,HC301,BOC01,OVR01,59
2010,HC301,BOC02,GEN01,59
2010,HC301,BOC02,GEN02,59
2010,HC301,BOC03,AGE01,59
2010,HC301,BOC03,AGE04,59
2010,HC301,BOC03,AGE05,59
2010,HC301,BOC03,AGE06,59
2010,HC301,BOC03,AGE07,59
2010,HC301,BOC03,AGE08,59
2011,HC301,BOC01,OVR01,59
2011,HC301,BOC02,GEN01,59
2011,HC301,BOC02,GEN02,59
2011,HC301,BOC03,AGE01,59
2011,HC301,BOC03,AGE04,59
2011,HC301,BOC03,AGE05,59
2011,HC301,BOC03,AGE06,59
2011,HC301,BOC03,AGE07,59
2011,HC301,BOC03,AGE08,59
2012,HC301,BOC01,OVR01,59
2012,HC301,BOC02,GEN01,59
2012,HC301,BOC02,GEN02,59
2012,HC301,BOC03,AGE01,59
2012,HC301,BOC03,AGE04,59
2012,HC301,BOC03,AGE05,59
2012,HC301,BOC03,AGE06,59
2012,HC301,BOC03,AGE07,59
2012,HC301,BOC03,AGE08,59
2013,HC301,BOC01,OVR01,59
2013,HC301,BOC02,GEN01,59
2013,HC301,BOC02,GEN02,59
2013,HC301,BOC03,AGE01,59
2013,HC301,BOC03,AGE04,59
2013,HC301,BOC03,AGE05,59
2013,HC301,BOC03,AGE06,59
2013,HC301,BOC03,AGE07,59
2013,HC301,BOC03,AGE08,59
2004,HC303,BOC01,OVR01,59
2004,HC303,BOC02,GEN01,59
2004,HC303,BOC02,GEN02,59
2004,HC303,BOC03,AGE01,59
2004,HC303,BOC03,AGE04,59
2004,HC303,BOC03,AGE05,59
2004,HC303,BOC03,AGE06,59
2004,HC303,BOC03,AGE07,59
2004,HC303,BOC03,AGE08,59
2005,HC303,BOC01,OVR01,59
2005,HC303,BOC02,GEN01,59
2005,HC303,BOC02,GEN02,59
2005,HC303,BOC03,AGE01,59
2005,HC303,BOC03,AGE04,59
2005,HC303,BOC03,AGE05,59
2005,HC303,BOC03,AGE06,59
2005,HC303,BOC03,AGE07,59
2005,HC303,BOC03,AGE08,59
2006,HC303,BOC01,OVR01,59
2006,HC303,BOC02,GEN01,59
2006,HC303,BOC02,GEN02,59
2006,HC303,BOC03,AGE01,59
2006,HC303,BOC03,AGE04,59
2006,HC303,BOC03,AGE05,59
2006,HC303,BOC03,AGE06,59
2006,HC303,BOC03,AGE07,59
2006,HC303,BOC03,AGE08,59
2007,HC303,BOC01,OVR01,59
2007,HC303,BOC02,GEN01,59
2007,HC303,BOC02,GEN02,59
2007,HC303,BOC03,AGE01,59
2007,HC303,BOC03,AGE04,59
2007,HC303,BOC03,AGE05,59
2007,HC303,BOC03,AGE06,59
2007,HC303,BOC03,AGE07,59
2007,HC303,BOC03,AGE08,59
2008,HC303,BOC01,OVR01,59
2008,HC303,BOC02,GEN01,59
2008,HC303,BOC02,GEN02,59
2008,HC303,BOC03,AGE01,59
2008,HC303,BOC03,AGE04,59
2008,HC303,BOC03,AGE05,59
2008,HC303,BOC03,AGE06,59
2008,HC303,BOC03,AGE07,59
2008,HC303,BOC03,AGE08,59
2009,HC303,BOC01,OVR01,59
2009,HC303,BOC02,GEN01,59
2009,HC303,BOC02,GEN02,59
2009,HC303,BOC03,AGE01,59
2009,HC303,BOC03,AGE04,59
2009,HC303,BOC03,AGE05,59
2009,HC303,BOC03,AGE06,59
2009,HC303,BOC03,AGE07,59
2009,HC303,BOC03,AGE08,59
2010,HC303,BOC01,OVR01,59
2010,HC303,BOC02,GEN01,59
2010,HC303,BOC02,GEN02,59
2010,HC303,BOC03,AGE01,59
2010,HC303,BOC03,AGE04,59
2010,HC303,BOC03,AGE05,59
2010,HC303,BOC03,AGE06,59
2010,HC303,BOC03,AGE07,59
2010,HC303,BOC03,AGE08,59
2011,HC303,BOC01,OVR01,59
2011,HC303,BOC02,GEN01,59
2011,HC303,BOC02,GEN02,59
2011,HC303,BOC03,AGE01,59
2011,HC303,BOC03,AGE04,59
2011,HC303,BOC03,AGE05,59
2011,HC303,BOC03,AGE06,59
2011,HC303,BOC03,AGE07,59
2011,HC303,BOC03,AGE08,59
2012,HC303,BOC01,OVR01,59
2012,HC303,BOC02,GEN01,59
2012,HC303,BOC02,GEN02,59
2012,HC303,BOC03,AGE01,59
2012,HC303,BOC03,AGE04,59
2012,HC303,BOC03,AGE05,59
2012,HC303,BOC03,AGE06,59
2012,HC303,BOC03,AGE07,59
2012,HC303,BOC03,AGE08,59
2013,HC303,BOC01,OVR01,59
2013,HC303,BOC02,GEN01,59
2013,HC303,BOC02,GEN02,59
2013,HC303,BOC03,AGE01,59
2013,HC303,BOC03,AGE04,59
2013,HC303,BOC03,AGE05,59
2013,HC303,BOC03,AGE06,59
2013,HC303,BOC03,AGE07,59
2013,HC303,BOC03,AGE08,59
2004,HC501,BOC01,OVR01,59
2004,HC501,BOC02,GEN01,59
2004,HC501,BOC02,GEN02,59
2004,HC501,BOC03,AGE01,59
2004,HC501,BOC03,AGE04,59
2004,HC501,BOC03,AGE05,59
2004,HC501,BOC03,AGE06,59
2004,HC501,BOC03,AGE07,59
2004,HC501,BOC03,AGE08,59
2005,HC501,BOC01,OVR01,59
2005,HC501,BOC02,GEN01,59
2005,HC501,BOC02,GEN02,59
2005,HC501,BOC03,AGE01,59
2005,HC501,BOC03,AGE04,59
2005,HC501,BOC03,AGE05,59
2005,HC501,BOC03,AGE06,59
2005,HC501,BOC03,AGE07,59
2005,HC501,BOC03,AGE08,59
2006,HC501,BOC01,OVR01,59
2006,HC501,BOC02,GEN01,59
2006,HC501,BOC02,GEN02,59
2006,HC501,BOC03,AGE01,59
2006,HC501,BOC03,AGE04,59
2006,HC501,BOC03,AGE05,59
2006,HC501,BOC03,AGE06,59
2006,HC501,BOC03,AGE07,59
2006,HC501,BOC03,AGE08,59
2007,HC501,BOC01,OVR01,59
2007,HC501,BOC02,GEN01,59
2007,HC501,BOC02,GEN02,59
2007,HC501,BOC03,AGE01,59
2007,HC501,BOC03,AGE04,59
2007,HC501,BOC03,AGE05,59
2007,HC501,BOC03,AGE06,59
2007,HC501,BOC03,AGE07,59
2007,HC501,BOC03,AGE08,59
2008,HC501,BOC01,OVR01,59
2008,HC501,BOC02,GEN01,59
2008,HC501,BOC02,GEN02,59
2008,HC501,BOC03,AGE01,59
2008,HC501,BOC03,AGE04,59
2008,HC501,BOC03,AGE05,59
2008,HC501,BOC03,AGE06,59
2008,HC501,BOC03,AGE07,59
2008,HC501,BOC03,AGE08,59
2009,HC501,BOC01,OVR01,59
2009,HC501,BOC02,GEN01,59
2009,HC501,BOC02,GEN02,59
2009,HC501,BOC03,AGE01,59
2009,HC501,BOC03,AGE04,59
2009,HC501,BOC03,AGE05,59
2009,HC501,BOC03,AGE06,59
2009,HC501,BOC03,AGE07,59
2009,HC501,BOC03,AGE08,59
2010,HC501,BOC01,OVR01,59
2010,HC501,BOC02,GEN01,59
2010,HC501,BOC02,GEN02,59
2010,HC501,BOC03,AGE01,59
2010,HC501,BOC03,AGE04,59
2010,HC501,BOC03,AGE05,59
2010,HC501,BOC03,AGE06,59
2010,HC501,BOC03,AGE07,59
2010,HC501,BOC03,AGE08,59
2011,HC501,BOC01,OVR01,59
2011,HC501,BOC02,GEN01,59
2011,HC501,BOC02,GEN02,59
2011,HC501,BOC03,AGE01,59
2011,HC501,BOC03,AGE04,59
2011,HC501,BOC03,AGE05,59
2011,HC501,BOC03,AGE06,59
2011,HC501,BOC03,AGE07,59
2011,HC501,BOC03,AGE08,59
2012,HC501,BOC01,OVR01,59
2012,HC501,BOC02,GEN01,59
2012,HC501,BOC02,GEN02,59
2012,HC501,BOC03,AGE01,59
2012,HC501,BOC03,AGE04,59
2012,HC501,BOC03,AGE05,59
2012,HC501,BOC03,AGE06,59
2012,HC501,BOC03,AGE07,59
2012,HC501,BOC03,AGE08,59
2013,HC501,BOC01,OVR01,59
2013,HC501,BOC02,GEN01,59
2013,HC501,BOC02,GEN02,59
2013,HC501,BOC03,AGE01,59
2013,HC501,BOC03,AGE04,59
2013,HC501,BOC03,AGE05,59
2013,HC501,BOC03,AGE06,59
2013,HC501,BOC03,AGE07,59
2013,HC501,BOC03,AGE08,59
2004,HC503,BOC01,OVR01,59
2004,HC503,BOC02,GEN01,59
2004,HC503,BOC02,GEN02,59
2004,HC503,BOC03,AGE01,59
2004,HC503,BOC03,AGE04,59
2004,HC503,BOC03,AGE05,59
2004,HC503,BOC03,AGE06,59
2004,HC503,BOC03,AGE07,59
2004,HC503,BOC03,AGE08,59
2005,HC503,BOC01,OVR01,59
2005,HC503,BOC02,GEN01,59
2005,HC503,BOC02,GEN02,59
2005,HC503,BOC03,AGE01,59
2005,HC503,BOC03,AGE04,59
2005,HC503,BOC03,AGE05,59
2005,HC503,BOC03,AGE06,59
2005,HC503,BOC03,AGE07,59
2005,HC503,BOC03,AGE08,59
2006,HC503,BOC01,OVR01,59
2006,HC503,BOC02,GEN01,59
2006,HC503,BOC02,GEN02,59
2006,HC503,BOC03,AGE01,59
2006,HC503,BOC03,AGE04,59
2006,HC503,BOC03,AGE05,59
2006,HC503,BOC03,AGE06,59
2006,HC503,BOC03,AGE07,59
2006,HC503,BOC03,AGE08,59
2007,HC503,BOC01,OVR01,59
2007,HC503,BOC02,GEN01,59
2007,HC503,BOC02,GEN02,59
2007,HC503,BOC03,AGE01,59
2007,HC503,BOC03,AGE04,59
2007,HC503,BOC03,AGE05,59
2007,HC503,BOC03,AGE06,59
2007,HC503,BOC03,AGE07,59
2007,HC503,BOC03,AGE08,59
2008,HC503,BOC01,OVR01,59
2008,HC503,BOC02,GEN01,59
2008,HC503,BOC02,GEN02,59
2008,HC503,BOC03,AGE01,59
2008,HC503,BOC03,AGE04,59
2008,HC503,BOC03,AGE05,59
2008,HC503,BOC03,AGE06,59
2008,HC503,BOC03,AGE07,59
2008,HC503,BOC03,AGE08,59
2009,HC503,BOC01,OVR01,59
2009,HC503,BOC02,GEN01,59
2009,HC503,BOC02,GEN02,59
2009,HC503,BOC03,AGE01,59
2009,HC503,BOC03,AGE04,59
2009,HC503,BOC03,AGE05,59
2010,HC503,BOC01,OVR01,59
2010,HC503,BOC02,GEN01,59
2010,HC503,BOC02,GEN02,59
2010,HC503,BOC03,AGE01,59
2010,HC503,BOC03,AGE04,59
2010,HC503,BOC03,AGE05,59
2010,HC503,BOC03,AGE06,59
2010,HC503,BOC03,AGE07,59
2010,HC503,BOC03,AGE08,59
2011,HC503,BOC01,OVR01,59
2011,HC503,BOC02,GEN01,59
2011,HC503,BOC02,GEN02,59
2011,HC503,BOC03,AGE01,59
2011,HC503,BOC03,AGE04,59
2011,HC503,BOC03,AGE05,59
2011,HC503,BOC03,AGE06,59
2011,HC503,BOC03,AGE07,59
2011,HC503,BOC03,AGE08,59
2012,HC503,BOC01,OVR01,59
2012,HC503,BOC02,GEN01,59
2012,HC503,BOC02,GEN02,59
2012,HC503,BOC03,AGE01,59
2012,HC503,BOC03,AGE04,59
2012,HC503,BOC03,AGE05,59
2012,HC503,BOC03,AGE06,59
2012,HC503,BOC03,AGE07,59
2012,HC503,BOC03,AGE08,59
2013,HC503,BOC01,OVR01,59
2013,HC503,BOC02,GEN01,59
2013,HC503,BOC02,GEN02,59
2013,HC503,BOC03,AGE01,59
2013,HC503,BOC03,AGE04,59
2013,HC503,BOC03,AGE05,59
2013,HC503,BOC03,AGE06,59
2013,HC503,BOC03,AGE07,59
2013,HC503,BOC03,AGE08,59
2004,HC601,BOC01,OVR01,59
2004,HC601,BOC02,GEN01,59
2004,HC601,BOC02,GEN02,59
2004,HC601,BOC03,AGE01,59
2004,HC601,BOC03,AGE04,59
2004,HC601,BOC03,AGE05,59
2004,HC601,BOC03,AGE06,59
2004,HC601,BOC03,AGE07,59
2004,HC601,BOC03,AGE08,59
2005,HC601,BOC01,OVR01,59
2005,HC601,BOC02,GEN01,59
2005,HC601,BOC02,GEN02,59
2005,HC601,BOC03,AGE01,59
2005,HC601,BOC03,AGE04,59
2005,HC601,BOC03,AGE05,59
2005,HC601,BOC03,AGE06,59
2005,HC601,BOC03,AGE07,59
2005,HC601,BOC03,AGE08,59
2006,HC601,BOC01,OVR01,59
2006,HC601,BOC02,GEN01,59
2006,HC601,BOC02,GEN02,59
2006,HC601,BOC03,AGE01,59
2006,HC601,BOC03,AGE04,59
2006,HC601,BOC03,AGE05,59
2006,HC601,BOC03,AGE06,59
2006,HC601,BOC03,AGE07,59
2006,HC601,BOC03,AGE08,59
2007,HC601,BOC01,OVR01,59
2007,HC601,BOC02,GEN01,59
2007,HC601,BOC02,GEN02,59
2007,HC601,BOC03,AGE01,59
2007,HC601,BOC03,AGE04,59
2007,HC601,BOC03,AGE05,59
2007,HC601,BOC03,AGE06,59
2007,HC601,BOC03,AGE07,59
2007,HC601,BOC03,AGE08,59
2008,HC601,BOC01,OVR01,59
2008,HC601,BOC02,GEN01,59
2008,HC601,BOC02,GEN02,59
2008,HC601,BOC03,AGE01,59
2008,HC601,BOC03,AGE04,59
2008,HC601,BOC03,AGE05,59
2008,HC601,BOC03,AGE06,59
2008,HC601,BOC03,AGE07,59
2008,HC601,BOC03,AGE08,59
2009,HC601,BOC01,OVR01,59
2009,HC601,BOC02,GEN01,59
2009,HC601,BOC02,GEN02,59
2009,HC601,BOC03,AGE01,59
2009,HC601,BOC03,AGE04,59
2009,HC601,BOC03,AGE05,59
2009,HC601,BOC03,AGE06,59
2009,HC601,BOC03,AGE07,59
2009,HC601,BOC03,AGE08,59
2010,HC601,BOC01,OVR01,59
2010,HC601,BOC02,GEN01,59
2010,HC601,BOC02,GEN02,59
2010,HC601,BOC03,AGE01,59
2010,HC601,BOC03,AGE04,59
2010,HC601,BOC03,AGE05,59
2010,HC601,BOC03,AGE06,59
2010,HC601,BOC03,AGE07,59
2010,HC601,BOC03,AGE08,59
2011,HC601,BOC01,OVR01,59
2011,HC601,BOC02,GEN01,59
2011,HC601,BOC02,GEN02,59
2011,HC601,BOC03,AGE01,59
2011,HC601,BOC03,AGE04,59
2011,HC601,BOC03,AGE05,59
2011,HC601,BOC03,AGE06,59
2011,HC601,BOC03,AGE07,59
2011,HC601,BOC03,AGE08,59
2012,HC601,BOC01,OVR01,59
2012,HC601,BOC02,GEN01,59
2012,HC601,BOC02,GEN02,59
2012,HC601,BOC03,AGE01,59
2012,HC601,BOC03,AGE04,59
2012,HC601,BOC03,AGE05,59
2012,HC601,BOC03,AGE06,59
2012,HC601,BOC03,AGE07,59
2012,HC601,BOC03,AGE08,59
2013,HC601,BOC01,OVR01,59
2013,HC601,BOC02,GEN01,59
2013,HC601,BOC02,GEN02,59
2013,HC601,BOC03,AGE01,59
2013,HC601,BOC03,AGE04,59
2013,HC601,BOC03,AGE05,59
2013,HC601,BOC03,AGE06,59
2013,HC601,BOC03,AGE07,59
2013,HC601,BOC03,AGE08,59
2004,HC603,BOC01,OVR01,59
2004,HC603,BOC02,GEN01,59
2004,HC603,BOC02,GEN02,59
2004,HC603,BOC03,AGE01,59
2004,HC603,BOC03,AGE04,59
2004,HC603,BOC03,AGE05,59
2004,HC603,BOC03,AGE06,59
2004,HC603,BOC03,AGE07,59
2004,HC603,BOC03,AGE08,59
2005,HC603,BOC01,OVR01,59
2005,HC603,BOC02,GEN01,59
2005,HC603,BOC02,GEN02,59
2005,HC603,BOC03,AGE01,59
2005,HC603,BOC03,AGE04,59
2005,HC603,BOC03,AGE05,59
2005,HC603,BOC03,AGE06,59
2005,HC603,BOC03,AGE07,59
2005,HC603,BOC03,AGE08,59
2006,HC603,BOC01,OVR01,59
2006,HC603,BOC02,GEN01,59
2006,HC603,BOC02,GEN02,59
2006,HC603,BOC03,AGE01,59
2006,HC603,BOC03,AGE04,59
2006,HC603,BOC03,AGE05,59
2006,HC603,BOC03,AGE06,59
2006,HC603,BOC03,AGE07,59
2006,HC603,BOC03,AGE08,59
2007,HC603,BOC01,OVR01,59
2007,HC603,BOC02,GEN01,59
2007,HC603,BOC02,GEN02,59
2007,HC603,BOC03,AGE01,59
2007,HC603,BOC03,AGE04,59
2007,HC603,BOC03,AGE05,59
2007,HC603,BOC03,AGE06,59
2007,HC603,BOC03,AGE07,59
2007,HC603,BOC03,AGE08,59
2008,HC603,BOC01,OVR01,59
2008,HC603,BOC02,GEN01,59
2008,HC603,BOC02,GEN02,59
2008,HC603,BOC03,AGE01,59
2008,HC603,BOC03,AGE04,59
2008,HC603,BOC03,AGE05,59
2008,HC603,BOC03,AGE06,59
2008,HC603,BOC03,AGE07,59
2008,HC603,BOC03,AGE08,59
2009,HC603,BOC01,OVR01,59
2009,HC603,BOC02,GEN01,59
2009,HC603,BOC02,GEN02,59
2009,HC603,BOC03,AGE01,59
2009,HC603,BOC03,AGE04,59
2009,HC603,BOC03,AGE05,59
2009,HC603,BOC03,AGE06,59
2009,HC603,BOC03,AGE07,59
2009,HC603,BOC03,AGE08,59
2010,HC603,BOC01,OVR01,59
2010,HC603,BOC02,GEN01,59
2010,HC603,BOC02,GEN02,59
2010,HC603,BOC03,AGE01,59
2010,HC603,BOC03,AGE04,59
2010,HC603,BOC03,AGE05,59
2010,HC603,BOC03,AGE06,59
2010,HC603,BOC03,AGE07,59
2010,HC603,BOC03,AGE08,59
2011,HC603,BOC01,OVR01,59
2011,HC603,BOC02,GEN01,59
2011,HC603,BOC02,GEN02,59
2011,HC603,BOC03,AGE01,59
2011,HC603,BOC03,AGE04,59
2011,HC603,BOC03,AGE05,59
2011,HC603,BOC03,AGE06,59
2011,HC603,BOC03,AGE07,59
2011,HC603,BOC03,AGE08,59
2012,HC603,BOC01,OVR01,59
2012,HC603,BOC02,GEN01,59
2012,HC603,BOC02,GEN02,59
2012,HC603,BOC03,AGE01,59
2012,HC603,BOC03,AGE04,59
2012,HC603,BOC03,AGE05,59
2012,HC603,BOC03,AGE06,59
2012,HC603,BOC03,AGE07,59
2012,HC603,BOC03,AGE08,59
2013,HC603,BOC01,OVR01,59
2013,HC603,BOC02,GEN01,59
2013,HC603,BOC02,GEN02,59
2013,HC603,BOC03,AGE01,59
2013,HC603,BOC03,AGE04,59
2013,HC603,BOC03,AGE05,59
2013,HC603,BOC03,AGE06,59
2013,HC603,BOC03,AGE07,59
2013,HC603,BOC03,AGE08,59